,strDrink,strSource,strLink,strIngredient1,strIngredient2,strIngredient3,strIngredient4,strIngredient5,strIngredient6,strIngredient7,strIngredient8,strIngredient9,strIngredient10,strIngredient11,strIngredient12,strIngredient13,strIngredient14,strIngredient15
0,1 Inch Punch,SAQ,https://www.saq.com/page/en/saqcom/cocktail/1-inch-punch-ec,vodka,citrus liqueur,,,,,,,,,,,,,
1,50 Days,SAQ,https://www.saq.com/page/en/saqcom/cocktail/50-jours-ec,Almond liqueur,,,,,,,,,,,,,,
2,536,SAQ,0,spiced rum,anise liqueur,,,,,,,,,,,,,
3,77th heaven,SAQ,0,dry gin,raspberry liqueur,,,,,,,,,,,,,
4,911,SAQ,0,tequila,vodka,,,,,,,,,,,,,
5,a sweetheart of a drink,SAQ,0,vodka,irish cream,,,,,,,,,,,,,
6,absinthe cocktail,SAQ,0,absinth,,,,,,,,,,,,,,
7,absolutely refreshing,SAQ,0,vodka,,,,,,,,,,,,,,
8,Africa colada,SAQ,0,rum,marula,,,,,,,,,,,,,
9,african don pedro,SAQ,0,marula,,,,,,,,,,,,,,
10,african espressini,SAQ,0,hazelnut liqueur,marula,,,,,,,,,,,,,
11,african martini,SAQ,0,vodka,coffee liqueur,marula,,,,,,,,,,,,
12,african mint,SAQ,0,white mint liqueur,marula,,,,,,,,,,,,,
13,almond coffee,SAQ,0,almond liqueur,whiskey,,,,,,,,,,,,,
14,almond cosmo,SAQ,0,vodka,almond liqueur,,,,,,,,,,,,,
15,almond cranberry,SAQ,0,almond liqueur,,,,,,,,,,,,,,
16,almond sour,SAQ,0,almond liqueur,,,,,,,,,,,,,,
17,almond splash,SAQ,0,almond liqueur,,,,,,,,,,,,,,
18,almond warmer,SAQ,0,vodka,almond liqueur,,,,,,,,,,,,,
19,aloe fizz,SAQ,0,vodka,,,,,,,,,,,,,,
20,amarante,SAQ,0,armagnac,,,,,,,,,,,,,,
21,amaretto sour,SAQ,0,almond liqueur,,,,,,,,,,,,,,
22,amberamba,SAQ,0,rum,coconut liqueur,,,,,,,,,,,,,
23,american grog,SAQ,0,rum,,,,,,,,,,,,,,
24,americano,SAQ,0,bitter liqueur,red vermouth,,,,,,,,,,,,,
25,anis fresco,SAQ,0,anise liqueur,,,,,,,,,,,,,,
26,anise cosmo,SAQ,0,anise liqueur,,,,,,,,,,,,,,
27,anise tea,SAQ,0,vodka,anise liqueur,,,,,,,,,,,,,
28,aniseedy cranberry,SAQ,0,anise liqueur,,,,,,,,,,,,,,
29,aperol spritz,SAQ,0,bitter liqueur,champagne,,,,,,,,,,,,,
30,apollo surprising,SAQ,0,scotch,,,,,,,,,,,,,,
31,apple and spice,SAQ,0,dry gin,,,,,,,,,,,,,,
32,apple colada,SAQ,0,apple-flavoured cream,,,,,,,,,,,,,,
33,apple fireball,SAQ,0,cinnamon liqueur,cider,,,,,,,,,,,,,
34,apple martini,SAQ,0,vodka,apple liqueur,,,,,,,,,,,,,
35,apple pie,SAQ,0,vanilla liqueur,,,,,,,,,,,,,,
36,apple racer,SAQ,0,maple-flavoured cream,ice cider,,,,,,,,,,,,,
37,apple-icious,SAQ,0,herb liqueur,apple brandy,,,,,,,,,,,,,
38,argentine pomelo,SAQ,0,vodka,,,,,,,,,,,,,,
39,aristocrat,SAQ,0,dry gin,champagne,,,,,,,,,,,,,
40,asian punch,SAQ,0,vodka,lychee liqueur,sake,,,,,,,,,,,,
41,asian sun,SAQ,0,rum,citrus liqueur,,,,,,,,,,,,,
42,auntie's punch,SAQ,0,rum,champagne,,,,,,,,,,,,,
43,automnic,SAQ,0,dry gin,,,,,,,,,,,,,,
44,automn punch,SAQ,0,rum,,,,,,,,,,,,,,
45,azur mania,SAQ,0,vodka,blue citrus liqueur,,,,,,,,,,,,,
46,azure,SAQ,0,tequila,blue citrus liqueur,,,,,,,,,,,,,
47,b28,SAQ,0,coconut liqueur,maple-flavoured cream,,,,,,,,,,,,,
48,b52,SAQ,0,citrus liqueur,coffee liqueur,irish cream,,,,,,,,,,,,
49,baby blue,SAQ,0,tequila,blue citrus liqueur,,,,,,,,,,,,,
50,backyard tea,SAQ,0,spiced rum,,,,,,,,,,,,,,
51,baileys blastoff,SAQ,0,irish cream,,,,,,,,,,,,,,
52,banana daiquiri,SAQ,0,rum,,,,,,,,,,,,,,
53,banana mama,SAQ,0,banana-flavoured rum,,,,,,,,,,,,,,
54,banana split,SAQ,0,spiced rum,citrus liqueur,,,,,,,,,,,,,
55,bananarula,SAQ,0,banana liqueur,marula,,,,,,,,,,,,,
56,bangkok breeze,SAQ,0,rum,,,,,,,,,,,,,,
57,basil jay,SAQ,0,vodka,raspberry liqueur,,,,,,,,,,,,,
58,basil park,SAQ,0,dry gin,,,,,,,,,,,,,,
59,beach,SAQ,0,banana liqueur,coconut liqueur,melon liqueur,,,,,,,,,,,,
60,beau-tea,SAQ,0,raspberry liqueur,vodka,,,,,,,,,,,,,
61,bell,SAQ,0,dry gin,white vermouth,,,,,,,,,,,,,
62,bell tower,SAQ,0,rum,citrus liqueur,hazelnut liqueur,,,,,,,,,,,,
63,bellini,SAQ,0,champagne,,,,,,,,,,,,,,
64,berri-uqam,SAQ,0,red berry-flavoured vodka,,,,,,,,,,,,,,
65,berry blush,SAQ,0,dry gin,honey wine,,,,,,,,,,,,,
66,berrylicious margarita,SAQ,0,red berry-flavoured vodka,,,,,,,,,,,,,,
67,big apple,SAQ,0,whisky,,,,,,,,,,,,,,
68,bitter folly,SAQ,0,vodka,black currant liqueur,,,,,,,,,,,,,
69,black hurricane,SAQ,0,coconut liqueur,,,,,,,,,,,,,,
70,black ice,SAQ,0,vodka,maple liqueur,,,,,,,,,,,,,
71,black jack,SAQ,0,cognac,fruit eau-de-vie,,,,,,,,,,,,,
72,black russian,SAQ,0,vodka,coffee liqueur,,,,,,,,,,,,,
73,black spice,SAQ,0,cognac,,,,,,,,,,,,,,
74,black tzar,SAQ,0,vodka,coffee liqueur,,,,,,,,,,,,,
75,black velvet,SAQ,0,beer,champagne,,,,,,,,,,,,,
76,black widow,SAQ,0,rum,white mint liqueur,,,,,,,,,,,,,
77,black widow cosmo,SAQ,0,vodka,black currant liqueur,,,,,,,,,,,,,
78,bling,SAQ,0,rum,,,,,,,,,,,,,,
79,bloody caesar,SAQ,0,vodka,,,,,,,,,,,,,,
80,bloody mary,SAQ,0,vodka,,,,,,,,,,,,,,
81,bloody orange,SAQ,0,vodka,bitter liqueur,,,,,,,,,,,,,
82,blue devil,SAQ,0,dry gin,blue citrus liqueur,,,,,,,,,,,,,
83,blue ice,SAQ,0,rum,blue citrus liqueur,,,,,,,,,,,,,
84,blue lagoon,SAQ,0,vodka,blue citrus liqueur,,,,,,,,,,,,,
85,blue muscat,SAQ,0,blue citrus liqueur,fortified white wine,,,,,,,,,,,,,
86,blue passion,SAQ,0,rum,blue citrus liqueur,,,,,,,,,,,,,
87,blue wave,SAQ,0,passion fruit liqueur,,,,,,,,,,,,,,
88,blue wind,SAQ,0,dry gin,blue citrus liqueur,,,,,,,,,,,,,
89,bogeyman,SAQ,0,mango liqueur,champagne,,,,,,,,,,,,,
90,brandini,SAQ,0,citrus liqueur,brandy,,,,,,,,,,,,,
91,brandy alexander,SAQ,0,chocolate-flavoured cream,cognac,,,,,,,,,,,,,
92,brandy cola,SAQ,0,brandy,,,,,,,,,,,,,,
93,brandy sangria,SAQ,0,brandy,dry white wine,,,,,,,,,,,,,
94,brandy sunshine,SAQ,0,brandy,,,,,,,,,,,,,,
95,brazilian coffee,SAQ,0,citrus liqueur,coffee liqueur,brandy,,,,,,,,,,,,
96,bright midnight,SAQ,0,spiced rum,champagne,,,,,,,,,,,,,
97,brioche,SAQ,0,spiced rum,hazelnut liqueur,,,,,,,,,,,,,
98,bromance,SAQ,0,cinnamon cream,,,,,,,,,,,,,,
99,brunch & co,SAQ,0,eau-de-vie,,,,,,,,,,,,,,
100,budding genius,SAQ,0,dry gin,,,,,,,,,,,,,,
101,buttercup,SAQ,0,spiced rum,lemon liqueur,,,,,,,,,,,,,
102,cactus banger,SAQ,0,tequila,vanilla liqueur,,,,,,,,,,,,,
103,cafe biscotti,SAQ,0,spiced rum,irish cream,,,,,,,,,,,,,
104,cafe coretto,SAQ,0,anise liqueur,,,,,,,,,,,,,,
105,caipi tai,SAQ,0,eau-de-vie,spiced rum,,,,,,,,,,,,,
106,caipirinha,SAQ,0,eau-de-vie,,,,,,,,,,,,,,
107,caipiroska,SAQ,0,vodka,,,,,,,,,,,,,,
108,calypso coffee,SAQ,0,spiced rum,irish cream,,,,,,,,,,,,,
109,candy pink,SAQ,0,dry gin,raspberry liqueur,,,,,,,,,,,,,
110,canicule,SAQ,0,vodka,citrus liqueur,,,,,,,,,,,,,
111,cape cod,SAQ,0,vodka,,,,,,,,,,,,,,
112,captain's punch,SAQ,0,spiced rum,,,,,,,,,,,,,,
113,caramel secret slope,SAQ,0,almond liqueur,caramel-flavoured cream,,,,,,,,,,,,,
114,cardinal martini,SAQ,0,vodka,passion fruit liqueur,,,,,,,,,,,,,
115,caribbean cider,SAQ,0,rum,cider,,,,,,,,,,,,,
116,caribbean rum,SAQ,0,spiced rum,citrus liqueur,,,,,,,,,,,,,
117,carribbean slushy,SAQ,0,rum,blue citrus liqueur,,,,,,,,,,,,,
118,carnivore,SAQ,0,scotch,,,,,,,,,,,,,,
119,cassis sunrise,SAQ,0,vodka,black currant liqueur,white vermouth,,,,,,,,,,,,
120,cesar reborn,SAQ,0,vodka,,,,,,,,,,,,,,
121,champagne cocktail,SAQ,0,cognac,champagne,,,,,,,,,,,,,
122,champagne julep,SAQ,0,cognac,champagne,,,,,,,,,,,,,
123,championship cup,SAQ,0,vodka,white vermouth,,,,,,,,,,,,,
124,chernika,SAQ,0,vodka,,,,,,,,,,,,,,
125,cherry blossom,SAQ,0,almond liqueur,irish cream,,,,,,,,,,,,,
126,cherry chill,SAQ,0,cherry-flavoured vodka,,,,,,,,,,,,,,
127,cherry coffee,SAQ,0,spiced rum,irish cream,,,,,,,,,,,,,
128,chic quarter,SAQ,0,brandy,,,,,,,,,,,,,,
129,chihuahua punch,SAQ,0,tequila,citrus liqueur,,,,,,,,,,,,,
130,chimayo,SAQ,0,tequila,black currant liqueur,,,,,,,,,,,,,
131,chocafrica,SAQ,0,rum,marula,,,,,,,,,,,,,
132,choco espresso,SAQ,0,maple-flavoured cream,,,,,,,,,,,,,,
133,choco lips,SAQ,0,chocolate-flavoured cream,,,,,,,,,,,,,,
134,choco white russian,SAQ,0,vodka,coffee liqueur,,,,,,,,,,,,,
135,choco-mint cream,SAQ,0,chocolate-flavoured cream,irish cream,,,,,,,,,,,,,
136,choco-passion,SAQ,0,strawberry-flavoured cream,,,,,,,,,,,,,,
137,chocolate coffee,SAQ,0,chocolate-flavoured cream,,,,,,,,,,,,,,
138,chocolate orange,SAQ,0,chocolate-flavoured vodka,,,,,,,,,,,,,,
139,chocolate shot,SAQ,0,chocolate-flavoured cream,chocolate-flavoured vodka,,,,,,,,,,,,,
140,christmas punch,SAQ,0,rum,vodka,,,,,,,,,,,,,
141,christmas star,SAQ,0,apple-flavoured vodka,champagne,,,,,,,,,,,,,
142,churchill,SAQ,0,citrus liqueur,scotch,red vermouth,,,,,,,,,,,,
143,cidertini,SAQ,0,vodka,cider,,,,,,,,,,,,,
144,cielo blanco,SAQ,0,tequila,,,,,,,,,,,,,,
145,citrus gin,SAQ,0,dry gin,,,,,,,,,,,,,,
146,citrus rum,SAQ,0,rum,lemon liqueur,,,,,,,,,,,,,
147,citrus spray,SAQ,0,dry gin,citrus liqueur,,,,,,,,,,,,,
148,citrus tonic,SAQ,0,citrus liqueur,,,,,,,,,,,,,,
149,classic kir,SAQ,0,black currant liqueur,dry white wine,,,,,,,,,,,,,
150,classy coffee,SAQ,0,almond liqueur,marula,,,,,,,,,,,,,
151,clemmy,SAQ,0,dry gin,,,,,,,,,,,,,,
152,cocktailgate,SAQ,0,vodka,beer,,,,,,,,,,,,,
153,coco boom,SAQ,0,coconut liqueur,,,,,,,,,,,,,,
154,coco cola,SAQ,0,vodka,coconut liqueur,,,,,,,,,,,,,
155,coco martini,SAQ,0,vodka,coconut liqueur,,,,,,,,,,,,,
156,coco sunrise,SAQ,0,coconut liqueur,,,,,,,,,,,,,,
157,coco yaya,SAQ,0,vodka,,,,,,,,,,,,,,
158,coco zen,SAQ,0,coconut liqueur,tea liqueur,,,,,,,,,,,,,
159,coco-apple,SAQ,0,coconut liqueur,rum,,,,,,,,,,,,,
160,coco-mango margarita,SAQ,0,tequila,citrus liqueur,,,,,,,,,,,,,
161,coconut-rum coffee,SAQ,0,rum,citrus liqueur,,,,,,,,,,,,,
162,coffee camping,SAQ,0,marula,,,,,,,,,,,,,,
163,coffee comfort,SAQ,0,coffee liqueur,,,,,,,,,,,,,,
164,coffee cream,SAQ,0,irish cream,,,,,,,,,,,,,,
165,coffee lady,SAQ,0,coffee liqueur,,,,,,,,,,,,,,
166,coffee martini,SAQ,0,coffee liqueur,cognac,,,,,,,,,,,,,
167,comet rocket,SAQ,0,dry gin,,,,,,,,,,,,,,
168,cool granny,SAQ,0,citrus liqueur,red wine,,,,,,,,,,,,,
169,cool martini,SAQ,0,tequila,melon liqueur,,,,,,,,,,,,,
170,cosmo tchin-tchin,SAQ,0,vodka,citrus liqueur,,,,,,,,,,,,,
171,cosmofruit,SAQ,0,citrus liqueur,,,,,,,,,,,,,,
172,cosmopolitan,SAQ,0,vodka,citrus liqueur,,,,,,,,,,,,,
173,cosmopolo,SAQ,0,vodka,citrus liqueur,,,,,,,,,,,,,
174,cotton candy,SAQ,0,vodka,,,,,,,,,,,,,,
175,country breeze,SAQ,0,vodka,coconut liqueur,,,,,,,,,,,,,
176,coureur elixir,SAQ,0,maple-flavoured cream,whiskey,,,,,,,,,,,,,
177,crabapple,SAQ,0,pear-flavoured vodka,,,,,,,,,,,,,,
178,cranberry breeze,SAQ,0,coffee liqueur,,,,,,,,,,,,,,
179,cranberry passion,SAQ,0,vodka,raspberry liqueur,,,,,,,,,,,,,
180,cranberry-citrus punch,SAQ,0,rum,vodka,citrus liqueur,,,,,,,,,,,,
181,cranberry-lime rum,SAQ,0,rum,,,,,,,,,,,,,,
182,cream caramel,SAQ,0,irish cream,irish whiskey,,,,,,,,,,,,,
183,cream passion,SAQ,0,irish cream,whiskey,,,,,,,,,,,,,
184,creamy chocolatini,SAQ,0,vodka,irish cream,,,,,,,,,,,,,
185,creamy pink,SAQ,0,strawberry-flavoured cream,,,,,,,,,,,,,,
186,criss-cross,SAQ,0,herb liqueur,peach liqueur,,,,,,,,,,,,,
187,cuba libre,SAQ,0,rum,,,,,,,,,,,,,,
188,cucumber collins,SAQ,0,dry gin,,,,,,,,,,,,,,
189,cucumber gimlet,SAQ,0,dry gin,,,,,,,,,,,,,,
190,cupidon,SAQ,0,vodka,irish cream,,,,,,,,,,,,,
191,daiquiri,SAQ,0,rum,,,,,,,,,,,,,,
192,dark 'n fluffy,SAQ,0,marshmallow-flavoured vodka,irish cream,,,,,,,,,,,,,
193,dark and dreamy,SAQ,0,rum,coffee liqueur,,,,,,,,,,,,,
194,decadence,SAQ,0,chocolate liqueur,strawberry liqueur,champagne,,,,,,,,,,,,
195,decadent pear,SAQ,0,pear-flavoured vodka,caramel liqueur,,,,,,,,,,,,,
196,diamond martini,SAQ,0,black currant liqueur,citrus liqueur,hazelnut liqueur,,,,,,,,,,,,
197,dirty martini,SAQ,0,dry gin,white vermouth,,,,,,,,,,,,,
198,double diamond,SAQ,0,dry gin,lemon liqueur,,,,,,,,,,,,,
199,doudou,SAQ,0,spiced rum,,,,,,,,,,,,,,
200,downhill,SAQ,0,rum,beer,,,,,,,,,,,,,
201,dracula,SAQ,0,vodka,anise liqueur,,,,,,,,,,,,,
202,dry martini,SAQ,0,dry gin,white vermouth,,,,,,,,,,,,,
203,dublin,SAQ,0,irish cream,,,,,,,,,,,,,,
204,durango,SAQ,0,tequila,almond liqueur,,,,,,,,,,,,,
205,earthy delight,SAQ,0,vodka,almond liqueur,caramel-flavoured cream,,,,,,,,,,,,
206,eggnog,SAQ,0,rum,brandy,,,,,,,,,,,,,
207,el diablo,SAQ,0,tequila,black currant liqueur,,,,,,,,,,,,,
208,electric,SAQ,0,citrus liqueur,whiskey,,,,,,,,,,,,,
209,electric jello shot,SAQ,0,vodka,blue citrus liqueur,,,,,,,,,,,,,
210,emerald tea,SAQ,0,lemon liqueur,,,,,,,,,,,,,,
211,en mode cocktail,SAQ,0,dry gin,citrus liqueur,,,,,,,,,,,,,
212,enchanted garden,SAQ,0,dry gin,,,,,,,,,,,,,,
213,enchanting apple martini,SAQ,0,vodka,cider,,,,,,,,,,,,,
214,english toddy,SAQ,0,whiskey,,,,,,,,,,,,,,
215,espresso martini,SAQ,0,vodka,coffee liqueur,,,,,,,,,,,,,
216,etna,SAQ,0,vodka,cinnamon liqueur,,,,,,,,,,,,,
217,evening breeze,SAQ,0,vodka,citrus liqueur,,,,,,,,,,,,,
218,evil eye,SAQ,0,tequila,blue citrus liqueur,,,,,,,,,,,,,
219,exotic fruits margarita,SAQ,0,peach-flavoured vodka,,,,,,,,,,,,,,
220,exotic martini,SAQ,0,vodka,black currant liqueur,,,,,,,,,,,,,
221,exotic orange,SAQ,0,anise liqueur,,,,,,,,,,,,,,
222,exotic raspberry,SAQ,0,vodka,raspberry liqueur,,,,,,,,,,,,,
223,eyeball soup,SAQ,0,lychee liqueur,,,,,,,,,,,,,,
224,fall bubbles,SAQ,0,vodka,bitter liqueur,,,,,,,,,,,,,
225,fall chalet,SAQ,0,dry gin,,,,,,,,,,,,,,
226,fall flavours,SAQ,0,dry gin,apple liqueur,,,,,,,,,,,,,
227,fall harvest,SAQ,0,dry gin,sparkling cider,,,,,,,,,,,,,
228,fall nectar,SAQ,0,honey liqueur,,,,,,,,,,,,,,
229,festive coffee,SAQ,0,marula,,,,,,,,,,,,,,
230,festive punch,SAQ,0,rum,vodka,citrus liqueur,champagne,,,,,,,,,,,
231,field berry martini,SAQ,0,vodka,,,,,,,,,,,,,,
232,fiery mint,SAQ,0,vodka,herb liqueur,,,,,,,,,,,,,
233,fiji,SAQ,0,dry gin,blue citrus liqueur,,,,,,,,,,,,,
234,fiji martini,SAQ,0,dry gin,blue citrus liqueur,,,,,,,,,,,,,
235,firecracker,SAQ,0,dry gin,citrus liqueur,,,,,,,,,,,,,
236,fireworks,SAQ,0,spiced rum,,,,,,,,,,,,,,
237,fizz studio,SAQ,0,dry gin,lemon liqueur,brandy,,,,,,,,,,,,
238,fizzy,SAQ,0,rum,champagne,,,,,,,,,,,,,
239,fizzy vodka lemonade,SAQ,0,vodka,,,,,,,,,,,,,,
240,fjord,SAQ,0,apple-flavoured vodka,coconut liqueur,,,,,,,,,,,,,
241,flavored peach,SAQ,0,rum,peach liqueur,,,,,,,,,,,,,
242,fleur de cassis,SAQ,0,vanilla-flavoured vodka,black currant liqueur,,,,,,,,,,,,,
243,flirty fizz,SAQ,0,cherry-flavoured vodka,blue citrus liqueur,,,,,,,,,,,,,
244,florentine float,SAQ,0,vodka,anise liqueur,,,,,,,,,,,,,
245,floridita,SAQ,0,rum,,,,,,,,,,,,,,
246,flower power,SAQ,0,berry liqueur,,,,,,,,,,,,,,
247,fontaine de jouvence,SAQ,0,citrus liqueur,,,,,,,,,,,,,,
248,forbidden kiss,SAQ,0,tequila,vodka,,,,,,,,,,,,,
249,forever pink,SAQ,0,raspberry liqueur,irish cream,,,,,,,,,,,,,
250,french cosmo,SAQ,0,vodka,black currant liqueur,,,,,,,,,,,,,
251,french kiss,SAQ,0,vodka,citrus liqueur,,,,,,,,,,,,,
252,french riviera,SAQ,0,exotic fruit liqueur,,,,,,,,,,,,,,
253,fresh muscat,SAQ,0,citrus liqueur,fortified white wine,,,,,,,,,,,,,
254,frosted belle,SAQ,0,pear liqueur,,,,,,,,,,,,,,
255,frosted maple,SAQ,0,spiced rum,maple liqueur,,,,,,,,,,,,,
256,frosty apple,SAQ,0,rum,,,,,,,,,,,,,,
257,frosty citrus,SAQ,0,citrus liqueur,,,,,,,,,,,,,,
258,frozen margarita,SAQ,0,tequila,citrus liqueur,,,,,,,,,,,,,
259,fruit explosion,SAQ,0,rum,,,,,,,,,,,,,,
260,fruit port-gria,SAQ,0,raspberry liqueur,rose port,,,,,,,,,,,,,
261,fruity aloe,SAQ,0,cherry-flavoured vodka,,,,,,,,,,,,,,
262,fruity cinnamon,SAQ,0,vodka,cinnamon liqueur,,,,,,,,,,,,,
263,fruity coconut,SAQ,0,dry gin,citrus liqueur,coconut liqueur,,,,,,,,,,,,
264,fruity passion,SAQ,0,scotch,,,,,,,,,,,,,,
265,fruity safari,SAQ,0,marula,,,,,,,,,,,,,,
266,fruity sangria,SAQ,0,raspberry-flavoured vodka,almond liqueur,red wine,,,,,,,,,,,,
267,fruity wave,SAQ,0,rum,,,,,,,,,,,,,,
268,getaway,SAQ,0,tequila,citrus liqueur,,,,,,,,,,,,,
269,gimlet,SAQ,0,dry gin,,,,,,,,,,,,,,
270,gin fizz,SAQ,0,dry gin,,,,,,,,,,,,,,
271,gin grapefruit,SAQ,0,dry gin,,,,,,,,,,,,,,
272,gin tonic,SAQ,0,dry gin,,,,,,,,,,,,,,
273,gin tonic with grapes,SAQ,0,dry gin,,,,,,,,,,,,,,
274,gin-gin,SAQ,0,dry gin,,,,,,,,,,,,,,
275,ginger brandy,SAQ,0,brandy,,,,,,,,,,,,,,
276,ginger cognac,SAQ,0,cognac,,,,,,,,,,,,,,
277,ginger fizz,SAQ,0,rum,black currant liqueur,,,,,,,,,,,,,
278,ginger mulito,SAQ,0,apple-flavoured vodka,,,,,,,,,,,,,,
279,ginger rum,SAQ,0,spiced rum,,,,,,,,,,,,,,
280,ginger scotch,SAQ,0,scotch,,,,,,,,,,,,,,
281,ginger vodka,SAQ,0,vodka,,,,,,,,,,,,,,
282,ginger-mint delight,SAQ,0,dry gin,,,,,,,,,,,,,,
283,gingerbread,SAQ,0,cinnamon liqueur,irish cream,,,,,,,,,,,,,
284,gingerbread,SAQ,0,dry gin,,,,,,,,,,,,,,
285,glam,SAQ,0,rum,champagne,,,,,,,,,,,,,
286,glamour,SAQ,0,irish whiskey,,,,,,,,,,,,,,
287,go habs go,SAQ,0,vodka,blue citrus liqueur,citrus liqueur,,,,,,,,,,,,
288,godfather,SAQ,0,almond liqueur,whiskey,,,,,,,,,,,,,
289,gold & ginger,SAQ,0,rum,,,,,,,,,,,,,,
290,golden apple,SAQ,0,rum,,,,,,,,,,,,,,
291,golden caesar,SAQ,0,vodka,strawberry liqueur,,,,,,,,,,,,,
292,golden gate cosmo,SAQ,0,lemon liqueur,brandy,,,,,,,,,,,,,
293,golden peach,SAQ,0,dry gin,peach liqueur,,,,,,,,,,,,,
294,golden shiver,SAQ,0,cinnamon liqueur,irish cream,,,,,,,,,,,,,
295,golden star,SAQ,0,anise liqueur,,,,,,,,,,,,,,
296,grand prix,SAQ,0,vodka,bitter liqueur,,,,,,,,,,,,,
297,grandbois,SAQ,0,rum,maple liqueur,,,,,,,,,,,,,
298,grape lily,SAQ,0,almond liqueur,,,,,,,,,,,,,,
299,grapefruit margarita,SAQ,0,tequila,citrus liqueur,,,,,,,,,,,,,
300,grapefruit vodka,SAQ,0,vodka,,,,,,,,,,,,,,
301,grapester,SAQ,0,dry gin,elderberry liqueur,,,,,,,,,,,,,
302,grappirinha,SAQ,0,fruit eau-de-vie,,,,,,,,,,,,,,
303,grasshopper,SAQ,0,chocolate liqueur,green mint liqueur,,,,,,,,,,,,,
304,green christmas,SAQ,0,rum,melon liqueur,,,,,,,,,,,,,
305,green tea cosmo,SAQ,0,vodka,citrus liqueur,,,,,,,,,,,,,
306,grinch,SAQ,0,dry gin,melon liqueur,,,,,,,,,,,,,
307,habana breeze,SAQ,0,rum,cherry liqueur,,,,,,,,,,,,,
308,hakuna banana,SAQ,0,banana liqueur,marula,,,,,,,,,,,,,
309,half-and-half,SAQ,0,red vermouth,white vermouth,,,,,,,,,,,,,
310,happy camper,SAQ,0,spiced rum,,,,,,,,,,,,,,
311,harvest gin fizz,SAQ,0,dry gin,,,,,,,,,,,,,,
312,hawaiian cosmo,SAQ,0,lemon-flavoured vodka,,,,,,,,,,,,,,
313,hazelnut coffee,SAQ,0,hazelnut liqueur,,,,,,,,,,,,,,
314,hazelnut delight,SAQ,0,hazelnut liqueur,irish cream,,,,,,,,,,,,,
315,heat of africa,SAQ,0,rum,marula,,,,,,,,,,,,,
316,heat seeker,SAQ,0,tequila,vodka,,,,,,,,,,,,,
317,herbaceous mojito,SAQ,0,herb liqueur,,,,,,,,,,,,,,
318,holiday bubbles,SAQ,0,almond liqueur,champagne,,,,,,,,,,,,,
319,holiday mojito,SAQ,0,rum,,,,,,,,,,,,,,
320,holiday punch,SAQ,0,rum,citrus liqueur,brandy,champagne,,,,,,,,,,,
321,holiday-cheer coffee,SAQ,0,maple liqueur,,,,,,,,,,,,,,
322,homme moderne,SAQ,0,scotch,,,,,,,,,,,,,,
323,honey deuce,SAQ,0,vodka,raspberry liqueur,,,,,,,,,,,,,
324,honey lemonade,SAQ,0,honey liqueur,,,,,,,,,,,,,,
325,honey mango,SAQ,0,honey liqueur,,,,,,,,,,,,,,
326,honey punch,SAQ,0,honey liqueur,,,,,,,,,,,,,,
327,honey square,SAQ,0,spiced rum,honey liqueur,,,,,,,,,,,,,
328,horizon,SAQ,0,lemon liqueur,,,,,,,,,,,,,,
329,hot cider,SAQ,0,rum,almond liqueur,,,,,,,,,,,,,
330,hot war,SAQ,0,vodka,irish cream,,,,,,,,,,,,,
331,hpnosia,SAQ,0,exotic fruit liqueur,champagne,,,,,,,,,,,,,
332,hurricane,SAQ,0,rum,citrus liqueur,,,,,,,,,,,,,
333,ice cream float,SAQ,0,mandarin-flavoured vodka,citrus liqueur,,,,,,,,,,,,,
334,ice fairy,SAQ,0,almond liqueur,ice cider,,,,,,,,,,,,,
335,iced apple martini,SAQ,0,vodka,ice cider,,,,,,,,,,,,,
336,iced cappuccino,SAQ,0,coffee liqueur,coffee-flavoured cream,,,,,,,,,,,,,
337,iced chocolate martini,SAQ,0,vodka,chocolate liqueur,,,,,,,,,,,,,
338,iced coco,SAQ,0,vodka,coconut liqueur,,,,,,,,,,,,,
339,iced honey tea,SAQ,0,honey liqueur,,,,,,,,,,,,,,
340,iced lemon,SAQ,0,lemon-flavoured vodka,,,,,,,,,,,,,,
341,icy peach,SAQ,0,peach-flavoured liqueur,,,,,,,,,,,,,,
342,Imperial martini,SAQ,0,vodka,,,,,,,,,,,,,,
343,incandescent punch,SAQ,0,rum,,,,,,,,,,,,,,
344,inspire,SAQ,0,bitter liqueur,red vermouth,champagne,,,,,,,,,,,,
345,irish almond,SAQ,0,blue citrus liqueur,irish cream,,,,,,,,,,,,,
346,irish coffee,SAQ,0,irish whiskey,,,,,,,,,,,,,,
347,irish cup,SAQ,0,irish whiskey,,,,,,,,,,,,,,
348,irish express,SAQ,0,irish cream,cognac,,,,,,,,,,,,,
349,irish lemonade,SAQ,0,irish whiskey,,,,,,,,,,,,,,
350,irrestibly cuban,SAQ,0,rum,peach liqueur,,,,,,,,,,,,,
351,island beauty,SAQ,0,pear liqueur,,,,,,,,,,,,,,
352,island treasure,SAQ,0,spiced rum,,,,,,,,,,,,,,
353,italian chocolate martini,SAQ,0,vodka,chocolate-flavoured cream,,,,,,,,,,,,,
354,italian kir,SAQ,0,black currant liqueur,champagne,,,,,,,,,,,,,
355,italian kiss,SAQ,0,almond liqueur,champagne,,,,,,,,,,,,,
356,italissimo,SAQ,0,bitter liqueur,,,,,,,,,,,,,,
357,italotonic,SAQ,0,red vermouth,,,,,,,,,,,,,,
358,jack rose,SAQ,0,apple brandy,,,,,,,,,,,,,,
359,jack'o'lantern,SAQ,0,cinnamon liqueur,,,,,,,,,,,,,,
360,jager ginger,SAQ,0,herb liqueur,,,,,,,,,,,,,,
361,jazz,SAQ,0,vodka,peach liqueur,,,,,,,,,,,,,
362,jelly bean,SAQ,0,vodka,,,,,,,,,,,,,,
363,jinx,SAQ,0,dry gin,raspberry liqueur,,,,,,,,,,,,,
364,joli cœur,SAQ,0,vodka,dry white wine,,,,,,,,,,,,,
365,kamikaze,SAQ,0,vodka,citrus liqueur,,,,,,,,,,,,,
366,karamello,SAQ,0,rum cream liqueur,,,,,,,,,,,,,,
367,katy berry,SAQ,0,vodka,citrus liqueur,,,,,,,,,,,,,
368,key lime cream pie,SAQ,0,whipped cream-flavoured vodka,,,,,,,,,,,,,,
369,kiwi crazy,SAQ,0,tequila,,,,,,,,,,,,,,
370,klover leaf,SAQ,0,dry gin,berry liqueur,,,,,,,,,,,,,
371,la quebecoise,SAQ,0,coffee liqueur,ice cider,,,,,,,,,,,,,
372,lady apple,SAQ,0,vodka,apple brandy,,,,,,,,,,,,,
373,lagoon,SAQ,0,vodka,blue citrus liqueur,raspberry liqueur,,,,,,,,,,,,
374,late hour,SAQ,0,tequila,hazelnut liqueur,,,,,,,,,,,,,
375,latin quarter,SAQ,0,dry gin,citrus liqueur,,,,,,,,,,,,,
376,le bandit,SAQ,0,spiced rum,almond liqueur,,,,,,,,,,,,,
377,le spritz d'ici,SAQ,0,bitter liqueur,sparkling cider,,,,,,,,,,,,,
378,lemon amaretto,SAQ,0,almond liqueur,,,,,,,,,,,,,,
379,lemon coffee,SAQ,0,coffee liqueur,,,,,,,,,,,,,,
380,lemon drop,SAQ,0,citrus-flavoured rum,,,,,,,,,,,,,,
381,lemon gin,SAQ,0,dry gin,,,,,,,,,,,,,,
382,lemon love,SAQ,0,vodka,citrus liqueur,,,,,,,,,,,,,
383,lemon pie,SAQ,0,dry gin,lemon liqueur,,,,,,,,,,,,,
384,lemon rosso,SAQ,0,almond liqueur,red vermouth,,,,,,,,,,,,,
385,lemonade love,SAQ,0,vodka,lychee liqueur,,,,,,,,,,,,,
386,lemonade shiver,SAQ,0,dry gin,,,,,,,,,,,,,,
387,lemony anise,SAQ,0,anise liqueur,,,,,,,,,,,,,,
388,lemony mint,SAQ,0,lemon-flavoured vodka,,,,,,,,,,,,,,
389,lemony sunshine,SAQ,0,vodka,lemon liqueur,,,,,,,,,,,,,
390,licorice fizz,SAQ,0,anise liqueur,,,,,,,,,,,,,,
391,light sweater,SAQ,0,spiced rum,almond liqueur,,,,,,,,,,,,,
392,lime night,SAQ,0,rum,lemon liqueur,,,,,,,,,,,,,
393,lime punch,SAQ,0,dry gin,citrus liqueur,,,,,,,,,,,,,
394,lingot,SAQ,0,rum,citrus liqueur,,,,,,,,,,,,,
395,litchi delight,SAQ,0,tequila,lychee liqueur,,,,,,,,,,,,,
396,litchi rose,SAQ,0,vodka,,,,,,,,,,,,,,
397,london lemonade,SAQ,0,dry gin,lychee liqueur,,,,,,,,,,,,,
398,long island ice tea,SAQ,0,dry gin,rum,tequila,vodka,citrus liqueur,,,,,,,,,,
399,long island sour,SAQ,0,rum,honey liqueur,,,,,,,,,,,,,
400,long island spiced tea,SAQ,0,dry gin,spiced rum,tequila,vodka,citrus liqueur,,,,,,,,,,
401,lova bubbles,SAQ,0,vodka,champagne,,,,,,,,,,,,,
402,lychee 2.0,SAQ,0,vodka,lychee liqueur,,,,,,,,,,,,,
403,lychee love,SAQ,0,dry gin,lychee liqueur,,,,,,,,,,,,,
404,lychee tonic,SAQ,0,lychee liqueur,,,,,,,,,,,,,,
405,madonna,SAQ,0,dry gin,almond liqueur,,,,,,,,,,,,,
406,madrid fizz,SAQ,0,dry gin,champagne,,,,,,,,,,,,,
407,magic potion,SAQ,0,rum,maple-flavoured cream,,,,,,,,,,,,,
408,mai tai,SAQ,0,rum,citrus liqueur,,,,,,,,,,,,,
409,mandarin,SAQ,0,mandarin-flavoured vodka,citrus liqueur,,,,,,,,,,,,,
410,mandarin capirovska,SAQ,0,mandarin-flavoured vodka,,,,,,,,,,,,,,
411,mango martini,SAQ,0,vodka,citrus liqueur,,,,,,,,,,,,,
412,manguilic,SAQ,0,mandarin-flavoured vodka,,,,,,,,,,,,,,
413,manhattan,SAQ,0,whiskey,red vermouth,,,,,,,,,,,,,
414,maple iced coffee,SAQ,0,maple-flavoured cream,,,,,,,,,,,,,,
415,maple martini,SAQ,0,maple liqueur,irish cream,,,,,,,,,,,,,
416,maple mojito,SAQ,0,rum,,,,,,,,,,,,,,
417,maple water,SAQ,0,vodka,maple liqueur,,,,,,,,,,,,,
418,mapple smash,SAQ,0,dry gin,maple liqueur,,,,,,,,,,,,,
419,margarita,SAQ,0,tequila,citrus liqueur,,,,,,,,,,,,,
420,margarita blanco,SAQ,0,tequila,citrus liqueur,,,,,,,,,,,,,
421,margarita italiana,SAQ,0,tequila,lemon liqueur,,,,,,,,,,,,,
422,margarita rosita,SAQ,0,tequila,citrus liqueur,,,,,,,,,,,,,
423,margatini,SAQ,0,dry gin,citrus liqueur,,,,,,,,,,,,,
424,marseille ti' punch,SAQ,0,spiced rum,citrus liqueur,,,,,,,,,,,,,
425,martini chocolaté,SAQ,0,vodka,chocolate liqueur,,,,,,,,,,,,,
426,martini lychee,SAQ,0,vodka,lychee liqueur,,,,,,,,,,,,,
427,martini moonlight,SAQ,0,mandarin-flavoured vodka,red wine,,,,,,,,,,,,,
428,marula shake,SAQ,0,peach-flavoured liqueur,marula,,,,,,,,,,,,,
429,marula coco,SAQ,0,marula,,,,,,,,,,,,,,
430,melon and coconut,SAQ,0,coconut liqueur,melon liqueur,,,,,,,,,,,,,
431,melon ball,SAQ,0,vodka,melon liqueur,,,,,,,,,,,,,
432,melon daiquiri,SAQ,0,rum,melon liqueur,,,,,,,,,,,,,
433,melon gin,SAQ,0,dry gin,melon liqueur,,,,,,,,,,,,,
434,melon lagoon,SAQ,0,vodka,melon liqueur,,,,,,,,,,,,,
435,melon margarita,SAQ,0,tequila,,,,,,,,,,,,,,
436,melon medley,SAQ,0,citrus liqueur,exotic fruit liqueur,,,,,,,,,,,,,
437,melon paradise,SAQ,0,melon liqueur,,,,,,,,,,,,,,
438,melontini,SAQ,0,vodka,,,,,,,,,,,,,,
439,metropolis,SAQ,0,vodka,citrus liqueur,,,,,,,,,,,,,
440,mexican mule,SAQ,0,tequila,,,,,,,,,,,,,,
441,mezzo-mezzo,SAQ,0,red vermouth,white vermouth,,,,,,,,,,,,,
442,miami sunrise,SAQ,0,vodka,citrus liqueur,,,,,,,,,,,,,
443,midnight bubbles,SAQ,0,vodka,blue citrus liqueur,champagne,,,,,,,,,,,,
444,midnight coffee,SAQ,0,vanilla-flavoured vodka,irish cream,,,,,,,,,,,,,
445,midnight garden,SAQ,0,dry gin,melon liqueur,,,,,,,,,,,,,
446,milan coffee,SAQ,0,anise liqueur,,,,,,,,,,,,,,
447,milky way,SAQ,0,irish cream,,,,,,,,,,,,,,
448,millionnaire,SAQ,0,vodka,citrus liqueur,,,,,,,,,,,,,
449,mimosa,SAQ,0,champagne,,,,,,,,,,,,,,
450,minaki,SAQ,0,berry liqueur,,,,,,,,,,,,,,
451,mint julep,SAQ,0,whiskey,,,,,,,,,,,,,,
452,minty devil,SAQ,0,vodka,,,,,,,,,,,,,,
453,miss litchi,SAQ,0,vodka,lychee liqueur,,,,,,,,,,,,,
454,mistassini,SAQ,0,dry gin,,,,,,,,,,,,,,
455,mister ginger,SAQ,0,peach-flavoured liqueur,whiskey,,,,,,,,,,,,,
456,mix 'n' melon,SAQ,0,pear-flavoured vodka,melon liqueur,,,,,,,,,,,,,
457,mocha martini,SAQ,0,chocolate liqueur,irish cream,whiskey,,,,,,,,,,,,
458,modern punch,SAQ,0,rum,peach liqueur,lychee liqueur,,,,,,,,,,,,
459,mojito,SAQ,0,rum,,,,,,,,,,,,,,
460,mojito bongo,SAQ,0,citrus-flavoured rum,champagne,,,,,,,,,,,,,
461,mojito del rey,SAQ,0,champagne,white pineau des charentes,,,,,,,,,,,,,
462,mojito reinvented,SAQ,0,tequila,,,,,,,,,,,,,,
463,mojito royale,SAQ,0,rum,champagne,,,,,,,,,,,,,
464,mojitonic,SAQ,0,dry gin,rum,,,,,,,,,,,,,
465,montreal saint-germain,SAQ,0,rum,almond liqueur,,,,,,,,,,,,,
466,moroccan tea,SAQ,0,citrus liqueur,,,,,,,,,,,,,,
467,morris lemon,SAQ,0,lemon-flavoured vodka,,,,,,,,,,,,,,
468,moscow mule,SAQ,0,vodka,,,,,,,,,,,,,,
469,mumbai mist,SAQ,0,lemon liqueur,maple liqueur,,,,,,,,,,,,,
470,mystery,SAQ,0,dry gin,white vermouth,,,,,,,,,,,,,
471,mystery coffee,SAQ,0,maple liqueur,,,,,,,,,,,,,,
472,mystery martini,SAQ,0,dry gin,herb liqueur,,,,,,,,,,,,,
473,negroni,SAQ,0,dry gin,bitter liqueur,red vermouth,,,,,,,,,,,,
474,ninja,SAQ,0,rum,lychee liqueur,,,,,,,,,,,,,
475,north star,SAQ,0,maple liqueur,brandy,,,,,,,,,,,,,
476,northern rose,SAQ,0,dry gin,,,,,,,,,,,,,,
477,nutcracker,SAQ,0,vodka,hazelnut liqueur,,,,,,,,,,,,,
478,odyssey,SAQ,0,anise liqueur,,,,,,,,,,,,,,
479,old fashioned maple,SAQ,0,scotch,,,,,,,,,,,,,,
480,old-fashioned,SAQ,0,whiskey,,,,,,,,,,,,,,
481,one thousand and one night,SAQ,0,vodka,,,,,,,,,,,,,,
482,ono2,SAQ,0,cognac,champagne,,,,,,,,,,,,,
483,opal,SAQ,0,rum,,,,,,,,,,,,,,
484,orange and coffee,SAQ,0,citrus liqueur,coffee liqueur,,,,,,,,,,,,,
485,orange blossom,SAQ,0,mandarin-flavoured vodka,white vermouth,,,,,,,,,,,,,
486,orange float,SAQ,0,dry gin,peach liqueur,,,,,,,,,,,,,
487,orange frost,SAQ,0,rum,coconut liqueur,,,,,,,,,,,,,
488,orange fusion,SAQ,0,rum,,,,,,,,,,,,,,
489,orange punch,SAQ,0,rum,citrus liqueur,,,,,,,,,,,,,
490,orange shiver,SAQ,0,citrus liqueur,,,,,,,,,,,,,,
491,orange splash,SAQ,0,dry gin,,,,,,,,,,,,,,
492,orange thunder,SAQ,0,rum,,,,,,,,,,,,,,
493,orange-punch madness,SAQ,0,tequila,,,,,,,,,,,,,,
494,orangerine,SAQ,0,mandarin-flavoured vodka,,,,,,,,,,,,,,
495,orchard chai,SAQ,0,apple-flavoured cream,,,,,,,,,,,,,,
496,oriental,SAQ,0,lychee liqueur,strawberry liqueur,sake,,,,,,,,,,,,
497,oriental breeze,SAQ,0,mandarin-flavoured vodka,lychee liqueur,,,,,,,,,,,,,
498,othello,SAQ,0,dry gin,apple brandy,,,,,,,,,,,,,
499,ottimo,SAQ,0,dry gin,,,,,,,,,,,,,,
500,paloma,SAQ,0,tequila,,,,,,,,,,,,,,
501,paradise,SAQ,0,dry gin,peach liqueur,,,,,,,,,,,,,
502,paradise reinvented,SAQ,0,blue citrus liqueur,cognac,,,,,,,,,,,,,
503,paris chic,SAQ,0,lychee liqueur,,,,,,,,,,,,,,
504,parisian cosmo,SAQ,0,citrus liqueur,,,,,,,,,,,,,,
505,parisian trend,SAQ,0,vodka,citrus liqueur,,,,,,,,,,,,,
506,parrot,SAQ,0,anise liqueur,,,,,,,,,,,,,,
507,passion litchi,SAQ,0,vodka,lychee liqueur,,,,,,,,,,,,,
508,passion martini,SAQ,0,vodka,passion fruit liqueur,,,,,,,,,,,,,
509,passionata,SAQ,0,rum,vanilla liqueur,,,,,,,,,,,,,
510,passport to the sun,SAQ,0,dry gin,citrus liqueur,,,,,,,,,,,,,
511,patriot,SAQ,0,blue citrus liqueur,maple liqueur,,,,,,,,,,,,,
512,pause,SAQ,0,coffee liqueur,irish cream,whiskey,,,,,,,,,,,,
513,peach and orange martini,SAQ,0,peach-flavoured vodka,citrus liqueur,,,,,,,,,,,,,
514,peach ice cream float,SAQ,0,rum,peach liqueur,,,,,,,,,,,,,
515,peach margarita,SAQ,0,tequila,peach liqueur,,,,,,,,,,,,,
516,peach rum & cola,SAQ,0,rum,peach liqueur,,,,,,,,,,,,,
517,peach soda,SAQ,0,vodka,peach liqueur,,,,,,,,,,,,,
518,peaches and port,SAQ,0,brandy,white port,,,,,,,,,,,,,
519,peachy dream,SAQ,0,peach-flavoured liqueur,,,,,,,,,,,,,,
520,pear margarita,SAQ,0,tequila,citrus liqueur,,,,,,,,,,,,,
521,pear martini,SAQ,0,vodka,,,,,,,,,,,,,,
522,pearl,SAQ,0,vodka,anise liqueur,,,,,,,,,,,,,
523,pearsuasian,SAQ,0,pear-flavoured vodka,,,,,,,,,,,,,,
524,perfect storm,SAQ,0,spiced rum,,,,,,,,,,,,,,
525,petit marseillais,SAQ,0,anise liqueur,,,,,,,,,,,,,,
526,pina colada,SAQ,0,rum,,,,,,,,,,,,,,
527,pina grande,SAQ,0,citrus liqueur,,,,,,,,,,,,,,
528,pina latte,SAQ,0,dry gin,blue citrus liqueur,,,,,,,,,,,,,
529,pina martini,SAQ,0,vodka,,,,,,,,,,,,,,
530,pina marula,SAQ,0,marula,,,,,,,,,,,,,,
531,pina-carolinaaaa,SAQ,0,rum,coconut liqueur,,,,,,,,,,,,,
532,pineapple mojito,SAQ,0,rum,citrus liqueur,,,,,,,,,,,,,
533,pink,SAQ,0,raspberry-flavoured vodka,rum,,,,,,,,,,,,,
534,pink blossom,SAQ,0,dry gin,lemon liqueur,,,,,,,,,,,,,
535,pink breeze,SAQ,0,vodka,,,,,,,,,,,,,,
536,pink lady,SAQ,0,dry gin,,,,,,,,,,,,,,
537,pink lemonade,SAQ,0,spiced rum,,,,,,,,,,,,,,
538,pirata,SAQ,0,spiced rum,vanilla liqueur,,,,,,,,,,,,,
539,pisco sour,SAQ,0,eau-de-vie,,,,,,,,,,,,,,
540,pisco sour lime,SAQ,0,eau-de-vie,,,,,,,,,,,,,,
541,piscola,SAQ,0,eau-de-vie,,,,,,,,,,,,,,
542,planter's punch,SAQ,0,rum,,,,,,,,,,,,,,
543,platinum gin,SAQ,0,dry gin,citrus liqueur,,,,,,,,,,,,,
544,poached pear,SAQ,0,pear-flavoured vodka,,,,,,,,,,,,,,
545,podium,SAQ,0,whiskey,,,,,,,,,,,,,,
546,pom vodka,SAQ,0,vodka,,,,,,,,,,,,,,
547,pomegranate martini,SAQ,0,citrus liqueur,vodka,,,,,,,,,,,,,
548,pomigin,SAQ,0,dry gin,,,,,,,,,,,,,,
549,pool side punch,SAQ,0,rum,coconut liqueur,melon liqueur,,,,,,,,,,,,
550,pop,SAQ,0,blue citrus liqueur,raspberry liqueur,,,,,,,,,,,,,
551,praline,SAQ,0,vodka,almond liqueur,,,,,,,,,,,,,
552,praline hot chocolate,SAQ,0,hazelnut liqueur,,,,,,,,,,,,,,
553,pumpkin screwdriver,SAQ,0,vodka,peach liqueur,,,,,,,,,,,,,
554,punch citrus,SAQ,0,peach-flavoured liqueur,,,,,,,,,,,,,,
555,punch on the pier,SAQ,0,vodka,blue citrus liqueur,,,,,,,,,,,,,
556,purple jesus,SAQ,0,raspberry-flavoured vodka,blue citrus liqueur,,,,,,,,,,,,,
557,quebec 1837,SAQ,0,dry gin,champagne,,,,,,,,,,,,,
558,quebec mimosa,SAQ,0,maple liqueur,champagne,,,,,,,,,,,,,
559,quebec punch!,SAQ,0,maple liqueur,,,,,,,,,,,,,,
560,quebec sangria,SAQ,0,apple liqueur,rose wine,sparkling cider,,,,,,,,,,,,
561,queeb bee,SAQ,0,rum,cider,,,,,,,,,,,,,
562,queen of hearts,SAQ,0,spiced rum,,,,,,,,,,,,,,
563,quiet one,SAQ,0,marula,,,,,,,,,,,,,,
564,raphaelle,SAQ,0,vodka,white vermouth,,,,,,,,,,,,,
565,rasberry spook,SAQ,0,raspberry liqueur,,,,,,,,,,,,,,
566,raspberry bellini,SAQ,0,vodka,champagne,,,,,,,,,,,,,
567,raspberry collins,SAQ,0,dry gin,,,,,,,,,,,,,,
568,raspberry daiquiri,SAQ,0,rum,raspberry liqueur,,,,,,,,,,,,,
569,raspberry lemonade,SAQ,0,raspberry-flavoured vodka,,,,,,,,,,,,,,
570,raspberry lime,SAQ,0,raspberry-flavoured rum,,,,,,,,,,,,,,
571,raspberry orange,SAQ,0,raspberry liqueur,,,,,,,,,,,,,,
572,raspberry rave,SAQ,0,tequila,citrus liqueur,,,,,,,,,,,,,
573,raspberry whisky royal,SAQ,0,whiskey,,,,,,,,,,,,,,
574,rasptini,SAQ,0,raspberry-flavoured vodka,citrus liqueur,champagne,,,,,,,,,,,,
575,rasta delight,SAQ,0,rum,almond liqueur,,,,,,,,,,,,,
576,rebel lemonade,SAQ,0,scotch,,,,,,,,,,,,,,
577,red desert,SAQ,0,vodka,champagne,,,,,,,,,,,,,
578,red dragon,SAQ,0,mandarin-flavoured vodka,passion fruit liqueur,,,,,,,,,,,,,
579,red velvet,SAQ,0,raspberry liqueur,whiskey,,,,,,,,,,,,,
580,redhead,SAQ,0,vodka,,,,,,,,,,,,,,
581,redwood,SAQ,0,rum,strawberry liqueur,,,,,,,,,,,,,
582,refreshing punch,SAQ,0,vodka,,,,,,,,,,,,,,
583,reggae cream,SAQ,0,rum,marula,,,,,,,,,,,,,
584,relay,SAQ,0,vodka,blue citrus liqueur,,,,,,,,,,,,,
585,remix,SAQ,0,vodka,rose wine,,,,,,,,,,,,,
586,rhubarb royale,SAQ,0,vodka,almond liqueur,champagne,,,,,,,,,,,,
587,rhum-cocoa,SAQ,0,chocolate-flavoured vodka,spiced rum,,,,,,,,,,,,,
588,rio rusky,SAQ,0,vodka,,,,,,,,,,,,,,
589,riviera,SAQ,0,dry gin,anise liqueur,,,,,,,,,,,,,
590,rob collins,SAQ,0,vodka,elderberry liqueur,,,,,,,,,,,,,
591,rob roy,SAQ,0,scotch,red vermouth,,,,,,,,,,,,,
592,rose melon,SAQ,0,dry gin,,,,,,,,,,,,,,
593,rosebud,SAQ,0,coconut liqueur,strawberry-flavoured cream,,,,,,,,,,,,,
594,rosini,SAQ,0,lychee liqueur,champagne,,,,,,,,,,,,,
595,roska punch,SAQ,0,vodka,citrus liqueur,rose wine,,,,,,,,,,,,
596,rosso tonic,SAQ,0,red vermouth,,,,,,,,,,,,,,
597,royal kir,SAQ,0,black currant liqueur,champagne,,,,,,,,,,,,,
598,royal splash,SAQ,0,whiskey,,,,,,,,,,,,,,
599,royal strawberry,SAQ,0,strawberry liqueur,champagne,,,,,,,,,,,,,
600,royal surprise,SAQ,0,peach-flavoured liqueur,whiskey,,,,,,,,,,,,,
601,rum & cranberry,SAQ,0,rum,,,,,,,,,,,,,,
602,rum and soda,SAQ,0,rum,,,,,,,,,,,,,,
603,rum coffee,SAQ,0,rum,irish cream,,,,,,,,,,,,,
604,rum cola,SAQ,0,rum,,,,,,,,,,,,,,
605,rum rickey,SAQ,0,rum,,,,,,,,,,,,,,
606,rum runner,SAQ,0,rum,,,,,,,,,,,,,,
607,rum sidecar,SAQ,0,rum,citrus liqueur,,,,,,,,,,,,,
608,rum treat,SAQ,0,rum,,,,,,,,,,,,,,
609,russian choir,SAQ,0,vodka,strawberry-flavoured cream,,,,,,,,,,,,,
610,russian toffee,SAQ,0,vodka,caramel-flavoured cream,,,,,,,,,,,,,
611,russian tropic,SAQ,0,vodka,,,,,,,,,,,,,,
612,rustic charm,SAQ,0,citrus liqueur,scotch,,,,,,,,,,,,,
613,rusty nail,SAQ,0,herb liqueur,scotch,,,,,,,,,,,,,
614,s'mores coffee,SAQ,0,chocolate-flavoured vodka,marshmallow-flavoured vodka,,,,,,,,,,,,,
615,sacre printemps,SAQ,0,rum,,,,,,,,,,,,,,
616,sahara,SAQ,0,almond liqueur,marula,,,,,,,,,,,,,
617,sake martini,SAQ,0,dry gin,sake,,,,,,,,,,,,,
618,salsa,SAQ,0,citrus liqueur,whiskey,,,,,,,,,,,,,
619,salty dog,SAQ,0,vodka,,,,,,,,,,,,,,
620,samba coco,SAQ,0,coconut liqueur,,,,,,,,,,,,,,
621,sangria,SAQ,0,red wine,,,,,,,,,,,,,,
622,sangria blanco,SAQ,0,citrus liqueur,dry white wine,,,,,,,,,,,,,
623,sangria du terroir,SAQ,0,rum,honey wine,red wine,,,,,,,,,,,,
624,santa sour,SAQ,0,vodka,,,,,,,,,,,,,,
625,saq celebration,SAQ,0,dry gin,bitter liqueur,citrus liqueur,,,,,,,,,,,,
626,scarlet supreme,SAQ,0,dry gin,,,,,,,,,,,,,,
627,scarlett passion,SAQ,0,vodka,citrus liqueur,,,,,,,,,,,,,
628,scorpion,SAQ,0,rum,,,,,,,,,,,,,,
629,scottish apple,SAQ,0,scotch,,,,,,,,,,,,,,
630,scottish coffee,SAQ,0,citrus liqueur,scotch,,,,,,,,,,,,,
631,screwdriver,SAQ,0,vodka,,,,,,,,,,,,,,
632,sea breeze,SAQ,0,vodka,,,,,,,,,,,,,,
633,sea star,SAQ,0,anise liqueur,,,,,,,,,,,,,,
634,sex on the beach,SAQ,0,vodka,peach liqueur,,,,,,,,,,,,,
635,shamrock,SAQ,0,irish whiskey,beer,,,,,,,,,,,,,
636,shanghai green tea,SAQ,0,vodka,,,,,,,,,,,,,,
637,shooting star,SAQ,0,dry gin,ice cider,,,,,,,,,,,,,
638,sidecar,SAQ,0,citrus liqueur,brandy,,,,,,,,,,,,,
639,silkiest,SAQ,0,irish cream,,,,,,,,,,,,,,
640,siren,SAQ,0,tequila,,,,,,,,,,,,,,
641,ski hill soother,SAQ,0,brandy,,,,,,,,,,,,,,
642,slalom,SAQ,0,citrus liqueur,,,,,,,,,,,,,,
643,snazzy zest,SAQ,0,vodka,citrus liqueur,,,,,,,,,,,,,
644,snowflake,SAQ,0,vodka,melon liqueur,,,,,,,,,,,,,
645,so great,SAQ,0,vodka,lychee liqueur,,,,,,,,,,,,,
646,soco lime & soda,SAQ,0,peach-flavoured liqueur,,,,,,,,,,,,,,
647,soho ginger,SAQ,0,lychee liqueur,,,,,,,,,,,,,,
648,sour sicilan,SAQ,0,almond liqueur,peach liqueur,,,,,,,,,,,,,
649,spanish coffee,SAQ,0,rum,coffee liqueur,,,,,,,,,,,,,
650,sparkle & shine,SAQ,0,raspberry-flavoured vodka,vodka,,,,,,,,,,,,,
651,sparkling anise,SAQ,0,anise liqueur,,,,,,,,,,,,,,
652,sparkling ginger,SAQ,0,whiskey,,,,,,,,,,,,,,
653,sparkling honey,SAQ,0,herb liqueur,champagne,,,,,,,,,,,,,
654,sparkling pear,SAQ,0,pear-flavoured vodka,,,,,,,,,,,,,,
655,sparkling rose,SAQ,0,vodka,champagne,,,,,,,,,,,,,
656,sparkling singapore,SAQ,0,dry gin,cherry liqueur,citrus liqueur,,,,,,,,,,,,
657,spice forest,SAQ,0,rum,citrus liqueur,,,,,,,,,,,,,
658,spiced cider,SAQ,0,spiced rum,cider,,,,,,,,,,,,,
659,spiced cuba libre,SAQ,0,spiced rum,,,,,,,,,,,,,,
660,spiced iced tea,SAQ,0,spiced rum,,,,,,,,,,,,,,
661,spicy havana,SAQ,0,rum,almond liqueur,,,,,,,,,,,,,
662,spicy mojito,SAQ,0,spiced rum,,,,,,,,,,,,,,
663,spicy strawberry,SAQ,0,tequila,strawberry liqueur,,,,,,,,,,,,,
664,spicy winter punch,SAQ,0,spiced rum,bitter liqueur,citrus liqueur,,,,,,,,,,,,
665,splash,SAQ,0,vodka,,,,,,,,,,,,,,
666,spring punch,SAQ,0,rum,,,,,,,,,,,,,,
667,springtime surprise,SAQ,0,vodka,,,,,,,,,,,,,,
668,sprint,SAQ,0,melon liqueur,whiskey,,,,,,,,,,,,,
669,spritzini,SAQ,0,dry gin,bitter liqueur,,,,,,,,,,,,,
670,star of bombay,SAQ,0,dry gin,,,,,,,,,,,,,,
671,star studded kir,SAQ,0,black currant liqueur,cider,,,,,,,,,,,,,
672,star-studded sangria,SAQ,0,spiced rum,vodka,red wine,,,,,,,,,,,,
673,stinger,SAQ,0,white mint liqueur,brandy,,,,,,,,,,,,,
674,stinger express,SAQ,0,white mint liqueur,,,,,,,,,,,,,,
675,stopover,SAQ,0,anise liqueur,,,,,,,,,,,,,,
676,storm,SAQ,0,rum,,,,,,,,,,,,,,
677,strawberry cake,SAQ,0,citrus liqueur,strawberry liqueur,,,,,,,,,,,,,
678,strawberry crush gin,SAQ,0,dry gin,,,,,,,,,,,,,,
679,strawberry daiquiri,SAQ,0,rum,,,,,,,,,,,,,,
680,strawberry kiss,SAQ,0,vanilla-flavoured vodka,raspberry liqueur,champagne,,,,,,,,,,,,
681,strawberry martini,SAQ,0,vodka,strawberry-flavoured cream,,,,,,,,,,,,,
682,strawberry parfait,SAQ,0,chocolate-flavoured vodka,strawberry-flavoured cream,,,,,,,,,,,,,
683,strawberry tonic,SAQ,0,dry gin,,,,,,,,,,,,,,
684,sublime,SAQ,0,vodka,melon liqueur,,,,,,,,,,,,,
685,sugar ball,SAQ,0,maple-flavoured cream,,,,,,,,,,,,,,
686,sugar kiss,SAQ,0,vodka,,,,,,,,,,,,,,
687,summer cottage,SAQ,0,irish cream,,,,,,,,,,,,,,
688,summer delight,SAQ,0,raspberry liqueur,,,,,,,,,,,,,,
689,summer lightning,SAQ,0,vodka,champagne,,,,,,,,,,,,,
690,summer nectar,SAQ,0,vodka,,,,,,,,,,,,,,
691,summer raspberry,SAQ,0,raspberry-flavoured vodka,,,,,,,,,,,,,,
692,sun punch,SAQ,0,rum,anise liqueur,raspberry liqueur,,,,,,,,,,,,
693,sungarita,SAQ,0,tequila,beer,,,,,,,,,,,,,
694,sunny breeze,SAQ,0,anise liqueur,citrus liqueur,,,,,,,,,,,,,
695,sunny garden,SAQ,0,melon liqueur,apple brandy,,,,,,,,,,,,,
696,sunset,SAQ,0,vodka,red vermouth,,,,,,,,,,,,,
697,sunshine sangria,SAQ,0,peach-flavoured liqueur,brandy,,,,,,,,,,,,,
698,sweet & sour martini,SAQ,0,vodka,,,,,,,,,,,,,,
699,sweet shiver,SAQ,0,irish cream,,,,,,,,,,,,,,
700,sweet tooth,SAQ,0,absinth,,,,,,,,,,,,,,
701,sweet tornado,SAQ,0,vodka,sherry,,,,,,,,,,,,,
702,tangerine screwdriver,SAQ,0,vodka,,,,,,,,,,,,,,
703,tango red,SAQ,0,bitter liqueur,peach liqueur,cognac,,,,,,,,,,,,
704,tech tonic,SAQ,0,dry gin,mixed fruit liqueur,,,,,,,,,,,,,
705,tequila caesar,SAQ,0,tequila,,,,,,,,,,,,,,
706,tequila pop,SAQ,0,tequila,champagne,,,,,,,,,,,,,
707,tequila sun,SAQ,0,citrus liqueur,,,,,,,,,,,,,,
708,tequila sunrise,SAQ,0,tequila,,,,,,,,,,,,,,
709,tequila sunset,SAQ,0,tequila,,,,,,,,,,,,,,
710,thallini,SAQ,0,coconut liqueur,,,,,,,,,,,,,,
711,the elephant,SAQ,0,marula,brandy,,,,,,,,,,,,,
712,the emperor,SAQ,0,fortified honey wine,sake,,,,,,,,,,,,,
713,the fleur-de-lys,SAQ,0,dry gin,sparkling cider,,,,,,,,,,,,,
714,the irishman,SAQ,0,vodka,irish cream,,,,,,,,,,,,,
715,the king,SAQ,0,dry gin,beer,,,,,,,,,,,,,
716,the madinina,SAQ,0,rum,banana liqueur,,,,,,,,,,,,,
717,the mexican,SAQ,0,tequila,,,,,,,,,,,,,,
718,the neapolitan,SAQ,0,chocolate-flavoured vodka,strawberry liqueur,,,,,,,,,,,,,
719,the quebec royal,SAQ,0,vodka,black currant liqueur,sparkling cider,,,,,,,,,,,,
720,the quebec sour,SAQ,0,whiskey,,,,,,,,,,,,,,
721,the sensass,SAQ,0,passion fruit liqueur,,,,,,,,,,,,,,
722,the ultimate caesar,SAQ,0,rum,,,,,,,,,,,,,,
723,the vineyard,SAQ,0,lemon-flavoured vodka,dessert wine,,,,,,,,,,,,,
724,thunder,SAQ,0,vodka,pomegranate liqueur,,,,,,,,,,,,,
725,ti-punch,SAQ,0,rum,,,,,,,,,,,,,,
726,tiramisu,SAQ,0,spiced rum,chocolate liqueur,,,,,,,,,,,,,
727,tokyo drift,SAQ,0,vodka,,,,,,,,,,,,,,
728,tom & jerry,SAQ,0,rum,cognac,,,,,,,,,,,,,
729,tom collins,SAQ,0,dry gin,,,,,,,,,,,,,,
730,tomato,SAQ,0,anise liqueur,,,,,,,,,,,,,,
731,tonic herbs,SAQ,0,herb liqueur,,,,,,,,,,,,,,
732,tonus,SAQ,0,vodka,lemon liqueur,,,,,,,,,,,,,
733,tres tangerine,SAQ,0,white pineau des charentes,,,,,,,,,,,,,,
734,triple citrus,SAQ,0,dry gin,,,,,,,,,,,,,,
735,triple threat,SAQ,0,rum,,,,,,,,,,,,,,
736,tropical breeze,SAQ,0,coconut liqueur,,,,,,,,,,,,,,
737,tropical coffee,SAQ,0,banana liqueur,,,,,,,,,,,,,,
738,tropical jerry,SAQ,0,spiced rum,,,,,,,,,,,,,,
739,tropical paradise,SAQ,0,rum,peach liqueur,,,,,,,,,,,,,
740,tropical storm,SAQ,0,vodka,,,,,,,,,,,,,,
741,tropical sweetness,SAQ,0,rum,peach liqueur,,,,,,,,,,,,,
742,tripical thunder,SAQ,0,rum,,,,,,,,,,,,,,
743,turquoise jewel,SAQ,0,rum,blue citrus liqueur,,,,,,,,,,,,,
744,tweed,SAQ,0,dry gin,white vermouth,,,,,,,,,,,,,
745,twist,SAQ,0,lemon liqueur,marula,,,,,,,,,,,,,
746,uppercut,SAQ,0,vodka,almond liqueur,,,,,,,,,,,,,
747,urban lemon,SAQ,0,lemon liqueur,,,,,,,,,,,,,,
748,vampire,SAQ,0,whiskey,beer,,,,,,,,,,,,,
749,vanilla breeze,SAQ,0,vanilla-flavoured vodka,,,,,,,,,,,,,,
750,vanilla chip,SAQ,0,vanilla cream beverage,,,,,,,,,,,,,,
751,vanilla coffee,SAQ,0,vanilla liqueur,irish cream,,,,,,,,,,,,,
752,vanilla soda,SAQ,0,vanilla-flavoured vodka,,,,,,,,,,,,,,
753,vanilla sour,SAQ,0,vanilla-flavoured vodka,,,,,,,,,,,,,,
754,vantini,SAQ,0,vanilla-flavoured vodka,hazelnut liqueur,,,,,,,,,,,,,
755,velvet hammer,SAQ,0,vodka,chocolate liqueur,,,,,,,,,,,,,
756,velvety pineapple,SAQ,0,irish cream,,,,,,,,,,,,,,
757,verdunite,SAQ,0,vodka,,,,,,,,,,,,,,
758,very berry,SAQ,0,dry gin,,,,,,,,,,,,,,
759,victory,SAQ,0,lemon liqueur,,,,,,,,,,,,,,
760,violet,SAQ,0,vodka,anise liqueur,,,,,,,,,,,,,
761,viva,SAQ,0,dry gin,melon liqueur,,,,,,,,,,,,,
762,vodka grape,SAQ,0,vodka,,,,,,,,,,,,,,
763,vodka cranberry,SAQ,0,vodka,,,,,,,,,,,,,,
764,vodka passion,SAQ,0,mandarin-flavoured vodka,passion fruit liqueur,,,,,,,,,,,,,
765,vodka passion,SAQ,0,vodka,,,,,,,,,,,,,,
766,vodka soda,SAQ,0,vodka,,,,,,,,,,,,,,
767,vodka sunrise,SAQ,0,vodka,,,,,,,,,,,,,,
768,vodka sunset,SAQ,0,vodka,,,,,,,,,,,,,,
769,vodkatini,SAQ,0,vodka,white vermouth,,,,,,,,,,,,,
770,vodkir,SAQ,0,vodka,black currant liqueur,,,,,,,,,,,,,
771,vogue,SAQ,0,vodka,cherry liqueur,,,,,,,,,,,,,
772,voodoo,SAQ,0,rum,red vermouth,,,,,,,,,,,,,
773,warm-up,SAQ,0,irish whiskey,,,,,,,,,,,,,,
774,whipped sunset,SAQ,0,whipped cream-flavoured vodka,,,,,,,,,,,,,,
775,whisky cranberry,SAQ,0,irish whiskey,,,,,,,,,,,,,,
776,whisky grog,SAQ,0,whisky,,,,,,,,,,,,,,
777,whisky lemonade,SAQ,0,whiskey,,,,,,,,,,,,,,
778,whisky margarita,SAQ,0,citrus liqueur,whiskey,,,,,,,,,,,,,
779,whisky sour,SAQ,0,whiskey,,,,,,,,,,,,,,
780,whisky twisty,SAQ,0,whiskey,,,,,,,,,,,,,,
781,whispering grass,SAQ,0,herb-flavoured vodka,,,,,,,,,,,,,,
782,white coffee,SAQ,0,chocolate-flavoured cream,,,,,,,,,,,,,,
783,white cookie,SAQ,0,herb liqueur,irish cream,,,,,,,,,,,,,
784,white cosmo,SAQ,0,vodka,citrus liqueur,,,,,,,,,,,,,
785,white lady,SAQ,0,dry gin,citrus liqueur,,,,,,,,,,,,,
786,white oak,SAQ,0,irish whiskey,,,,,,,,,,,,,,
787,white russian,SAQ,0,vodka,coffee liqueur,,,,,,,,,,,,,
788,white sangria,SAQ,0,vodka,citrus liqueur,dry white wine,,,,,,,,,,,,
789,wild beauty,SAQ,0,vodka,raspberry liqueur,,,,,,,,,,,,,
790,wild crush,SAQ,0,strawberry liqueur,white port,,,,,,,,,,,,,
791,winter blues,SAQ,0,vodka,blue citrus liqueur,lemon liqueur,,,,,,,,,,,,
792,winter coffee,SAQ,0,spiced rum,citrus liqueur,,,,,,,,,,,,,
793,winter strawberry hot chocolate,SAQ,0,strawberry liqueur,,,,,,,,,,,,,,
794,witch,SAQ,0,dry gin,black currant liqueur,,,,,,,,,,,,,
795,xepec kaipiroska,SAQ,0,vodka,sherry,,,,,,,,,,,,,
796,yellow fizz,SAQ,0,rum,,,,,,,,,,,,,,
797,yeti,SAQ,0,dry gin,blue citrus liqueur,,,,,,,,,,,,,
798,zephyr,SAQ,0,vodka,,,,,,,,,,,,,,
799,zest,SAQ,0,hazelnut liqueur,,,,,,,,,,,,,,
800,zombie,SAQ,0,rum,,,,,,,,,,,,,,